disease_name,description,Possible Steps,image_url,index
Apple : Scab,"Apple scab is the most common disease of apple and crabapple trees in Minnesota. Scab is caused by a fungus that infects both leaves and fruit. Scabby fruit are often unfit for eating. Infected leaves show olive-green to brown spots, which are often velvety due to spore production by the fungus. As infection progresses, leaves with multiple spots may turn yellow and drop off prematurely, weakening the tree if this occurs repeatedly over the years. Apple scab can also cause dark, scab-like lesions on the fruit, often making it unappealing or unfit for consumption. Infected fruit may become misshapen or smaller than usual, reducing their market and culinary value. Planting disease-resistant varieties is the best way to manage scab.","Choose resistant varieties when possible. Rake under trees and destroy infected leaves to reduce the number of fungal spores available to start the disease cycle over again next spring. Water in the evening or early morning hours (avoid overhead irrigation) to give the leaves time to dry out before infection can occur. Spread a 3- to 6-inch layer of compost under trees, keeping it away from the trunk, to cover soil and prevent splash dispersal of the fungal spores. For best control, spray liquid copper soap early, two weeks before symptoms normally appear. Alternatively, begin applications when disease first appears, and repeat at 7 to 10 day intervals up to blossom drop.",https://extension.umn.edu/sites/extension.umn.edu/files/apple-scab-1.jpg,0

Apple : Black Rot,"Black rot is a fungal disease that first manifests in early spring as the leaves of apple trees are unfolding. The initial symptom on leaves appears as small, purple specks on the upper surface, which gradually enlarge into circular lesions ranging from 1/8 to 1/4 inch (3-6 mm) in diameter. The edges of these lesions remain purple while the center turns tan to brown. Over time, secondary enlargement of these spots occurs, leading to heavily infected leaves turning yellow (chlorotic) and eventually falling off. As the infection progresses, concentric rings form within the rotted areas of the fruit, alternating between black and brown. The rotted flesh of the infected fruit remains firm and leathery. Black pycnidia, small spore-producing structures, are often visible on the surface of infected fruit. Black rot can also spread to the wood and branches, leading to cankers, which further weaken the tree.","Remove the cankers by pruning at least 15 inches below the infected area and burn or bury the infected wood to prevent further spread. Take care when performing new season pruning and burn the pruned material to minimize the risk of spreading the fungus. Prune trees during the dormant season to reduce the chances of infection, as the fungus is more likely to infect the tree during the growing season. If bark is damaged by hail or branches break due to windstorms, take preventive measures as the wounds become entry points for infection. To protect against both black rot and fire blight, use a copper-based fungicide, which can help prevent the disease from spreading.","http://www.omafra.gov.on.ca/english/crops/facts/blackrotf1.jpg",1

Apple : Cedar rust,"Cedar apple rust (Gymnosporangium juniperi-virginianae) is a fungal disease that requires juniper plants to complete its two-year life cycle. The disease begins when spores overwinter as reddish-brown galls on young twigs of various juniper species. In early spring, when wet weather conditions prevail, these galls swell, and bright orange masses of spores are released and blown by the wind. These spores infect susceptible apple and crabapple trees. The spores that develop on apple trees will only infect junipers in the following year, completing the cycle. From year to year, the disease needs to pass from junipers to apples to junipers, as it cannot spread between apple trees directly. Symptoms on apple trees include yellowish-orange spots on the upper surface of leaves, often accompanied by a rusty appearance on the underside of the leaf. These spots can reduce photosynthesis and weaken the tree over time.","Choose resistant cultivars when available. Rake up and dispose of fallen leaves and other debris from under trees, as these can harbor spores and contribute to the spread of the disease. Remove galls from infected junipers as they are the primary source of spores. In some cases, infected juniper plants may need to be removed entirely. Apply preventative fungicides labeled for use on apples weekly starting with bud break, when spores from the juniper host begin to spread. Fungicide application should cease after the springtime spread of spores, as further applications are unnecessary. For control on junipers, spray with a copper solution (0.5 to 2.0 oz/gallon of water) at least four times between late August and late October. Additionally, SERENADE Garden, a broad-spectrum bio-fungicide, can be used for most fungal and bacterial diseases and is safe for bees and other beneficial insects, making it a good option for organic treatment.","https://www.planetnatural.com/wp-content/uploads/2012/12/apple-rust.jpg",2

Apple : Healthy,"Healthy apple trees thrive in full sun, which is essential for maximizing fruit production. Apples require at least six or more hours of direct sunlight each day to produce optimal fruit. For best results, apple trees should be planted in locations that offer sunlight from morning to afternoon, such as the north side of a house, a tree line, or a gentle rise. This exposure helps the trees avoid excessive heat that could be present on the south side, which may affect fruit yield. Apple trees also need well-drained soil, but it’s important that the soil retains enough moisture to keep the trees hydrated. Well-balanced soil supports healthy root systems and encourages strong growth. Proper soil conditions can also minimize the risk of disease and promote better overall tree health.","Apples are highly nutritious, providing essential vitamins and antioxidants. They are low in calories and high in fiber, making them an excellent choice for those looking to manage their weight. The soluble fiber in apples, such as pectin, may also help lower cholesterol levels, benefiting heart health. Studies suggest that apples may be linked to a lower risk of type 2 diabetes by improving insulin sensitivity. Additionally, apples may have prebiotic effects, which help nourish the beneficial bacteria in the gut. This can improve digestion and overall gut health. Furthermore, substances in apples, such as flavonoids, have been shown to have cancer-fighting properties, potentially helping to prevent certain types of cancer. Overall, apples offer a variety of health benefits, contributing to a healthy diet and lifestyle.","https://previews.123rf.com/images/msnobody/msnobody1508/msnobody150800002/43698436-red-apple-on-a-branch-of-an-apple-tree-on-a-sunny-day-organic-farmingagriculture-fresh-healthy-natur.jpg",3

Blueberry : Healthy,"Blueberries are not only low in calories but also packed with essential nutrients. They are rich in vitamins, especially vitamin C, vitamin K, and some B vitamins, which contribute to overall health and well-being. Blueberries are often considered the king of antioxidant foods due to their high levels of anthocyanins, compounds that help fight oxidative stress and inflammation. These antioxidants play a key role in reducing DNA damage, which may help protect against aging and the development of cancer. Additionally, regular consumption of blueberries is known to protect cholesterol in the blood from oxidative damage, potentially reducing the risk of heart disease. Blueberries are also linked to lowered blood pressure, further supporting cardiovascular health and making them a beneficial fruit for maintaining healthy blood circulation.","Blueberries thrive in acidic soil with a low pH, typically between 4.5 and 5.5. To maintain optimal growing conditions, mulch around blueberry plants with deep, low pH materials like peat moss, pine needles, or well-aged sawdust. This helps conserve moisture and prevents soil fluctuations, which is important for the shallow-rooted blueberry plants. Water the plants regularly during the growing season, aiming for at least 1 inch per week, and up to 4 inches per week during fruit ripening. Be sure the soil remains moist but not soggy, as blueberries require well-draining soil that doesn’t retain excessive water, which can lead to root rot. Avoid planting blueberries in heavy, clayey soils that do not drain well. The right care and conditions will ensure healthy growth and abundant fruit production.","https://image.shutterstock.com/image-photo/blueberry-leaf-collection-isolated-on-260nw-308491814.jpg",4

Cherry : Powdery Mildew,"Powdery mildew is a fungal disease that primarily affects cherry trees, and it is often noticed around 7 to 10 days after the first irrigation. The initial symptoms are light, roughly-circular, powdery-looking patches on young, tender, and expanding leaves. These patches are typically white or grayish in color and are most evident on newly unfolded leaves. Older leaves tend to be more resistant to the disease due to age-related resistance, meaning that the infection is more common on younger growth. The disease thrives in high-humidity environments, which is why infections often occur in areas with limited air circulation, such as the interior canopy or crotch of the tree. Powdery mildew differs from other fungi in that it does not require free water for germination, but high humidity encourages fungal growth. As the infection progresses, the leaves may become distorted, curling upwards and becoming twisted. Severely infected leaves may pucker and shrink, causing growth stunting, while newly developed leaves on new shoots may turn pale and become progressively smaller. The disease can spread rapidly by wind, affecting large areas of the tree.","To manage powdery mildew, begin by disinfecting pruning tools before and after each use to prevent cross-contamination between plants. Prune out the affected portions of the tree immediately and discard them to limit the spread of the disease. Apply fungicides to protect healthy leaves, particularly on young growth, and be sure to follow the label instructions for frequency and timing. Fungicide applications may need to be repeated throughout the growing season, as recommended by the manufacturer, to provide continuous protection against the disease. Avoid excessive irrigation during periods of high humidity, as this could encourage further fungal growth. Proper air circulation around the tree is also essential in reducing humidity levels around the canopy and minimizing disease risk.","http://treefruit.wsu.edu/wp-content/uploads/2017/05/Fig1.png",5

Cherry : Healthy,"There is no significant difference in care between sour and sweet cherries. Both types require similar growing conditions to thrive. These trees grow best in well-drained, fertile soils, and they require full sunlight to produce high-quality fruit. A key aspect of cherry tree care is the application of mulch around the base of the tree. This helps to retain moisture, regulate soil temperature, and prevent weeds. In areas with dry conditions, it's important to water cherry trees routinely to keep the soil consistently moist but not soggy. Since cherry trees have shallow roots, they are particularly susceptible to drought stress, so regular watering during dry periods is crucial for their survival. During the fruiting season, draping netting over the trees is an effective way to protect the cherries from birds and prevent them from being eaten before they ripen. Thinning of the fruit is typically not necessary in cherry trees, as they naturally thin out in early summer, allowing the remaining fruit to grow larger and of better quality.","Cherries are nutrient-packed fruits that provide a wide array of health benefits. They are rich in antioxidants, including anthocyanins, which help neutralize harmful free radicals in the body, thereby reducing oxidative stress and the risk of chronic diseases. Cherries also contain anti-inflammatory compounds, making them useful for alleviating pain and swelling, particularly for individuals with arthritis or gout. Additionally, cherries have been shown to help boost exercise recovery due to their ability to reduce muscle soreness and inflammation. Consuming cherries regularly can also benefit heart health by reducing inflammation, improving cholesterol levels, and supporting healthy blood circulation. Furthermore, cherries are known to improve sleep quality, as they contain melatonin, a hormone that regulates sleep cycles. Cherries are easy to incorporate into your diet, whether eaten fresh, dried, or in juice form, providing a tasty and nutritious snack.","https://previews.123rf.com/images/annafrby/annafrby1907/annafrby190700078/127086189-cherry-on-branch-with-green-leaf-healthy-food-fresh-fruit-two-ripe-berries-of-a-cherry-on-a-branch-l.jpg",6

Corn : Cercospora Leaf Spot | Gray Leaf Spot,"Gray leaf spot on corn, caused by the fungus *Cercospora zeae-maydis*, is a significant and economically damaging disease in the United States. It has become especially prevalent in states like Indiana since the mid-1990s and is now considered one of the most important foliar diseases of corn in the region. The disease manifests as lesions with a grayish-brown color and dark margins, which appear on the leaves of corn plants. As the disease progresses, it can cause the leaves to yellow, wither, and die, leading to reduced photosynthetic capacity, lower yield, and, in severe cases, plant death. The disease is favored by warm, humid conditions and can spread quickly through rain splash or infected plant material. Gray leaf spot is particularly problematic during wet growing seasons, making it harder for farmers to protect their crops in time.","1. **Irrigate deeply but infrequently**: This practice helps maintain healthy corn plants while preventing excessive moisture, which can promote fungal growth. Watering deeply encourages the roots to grow deeper into the soil, where conditions are less favorable for disease spread. 2. **Avoid post-emergent weed killers**: Herbicides can stress plants, making them more susceptible to disease. During the active phase of the disease, avoid applying these chemicals. 3. **Fertilize cautiously**: High nitrogen levels can promote excessive leaf growth, which may create an environment conducive to fungal diseases. Use lower nitrogen levels, especially in areas where the disease is active. 4. **Improve air circulation and light**: Corn plants benefit from good airflow and sufficient sunlight. Planting crops at adequate spacing and managing plant height can help reduce disease incidence. 5. **Proper mowing practices**: For corn planted near other crops or in small plots, mow at the proper height and only when the grass is dry. Mowing wet grass can increase the spread of fungal spores.","https://upload.wikimedia.org/wikipedia/commons/thumb/1/12/Gray_leaf_spot_Cercospora_zeae-maydis_5465607.png/330px-Gray_leaf_spot_Cercospora_zeae-maydis_5465607.png",7

Corn : Common Rust,"Although a few rust pustules can always be found in corn fields throughout the growing season, symptoms generally do not appear until after tasseling. The disease is caused by the fungus *Puccinia sorghi*, which produces dark, reddish-brown pustules (uredinia) scattered across both the upper and lower surfaces of the corn leaves. These pustules can also appear on other above-ground parts of the plant, but are most commonly found on the leaves. Pustules are generally oval or elongated, small (less than 1/4 inch long), and are surrounded by the epidermal layer of the leaf, where the tissue has ruptured. As the disease progresses, the pustules may increase in number, causing the affected leaves to lose their green color and weaken. This weakens the plant's ability to photosynthesize, leading to reduced yields. Corn rust thrives in warm, humid conditions and is more likely to occur in regions with frequent rainfall.","1. **Plant resistant corn varieties**: Choose corn varieties with resistance to rust. Resistance may be either race-specific or partial, but no sweet corn variety is completely resistant. This step can significantly reduce the incidence of the disease. 2. **Use fungicides**: If symptoms of rust begin to appear, apply a fungicide immediately to prevent further infection. The timing of fungicide application is crucial, especially after tasseling when the plant is most vulnerable. Regular monitoring is important to catch early signs of the disease. 3. **Improve crop management**: Ensure that the corn plants have enough space for proper air circulation and sunlight, as overcrowding and poor air flow can exacerbate fungal growth. 4. **Crop rotation**: Avoid planting corn in the same field year after year to reduce the buildup of fungal spores in the soil. Rotate with non-host crops to disrupt the disease cycle.","https://ohioline.osu.edu/sites/ohioline/files/imce/Plant_Pathology/PLNTPTH-CER-02_Figure_1.png",8

Corn : Northern Leaf Blight,"Northern corn leaf blight (NCLB) is a fungal disease caused by *Setosphaeria turcica*. The initial symptoms of NCLB usually appear on the lower leaves of corn plants. Lesions are long, elliptical, and typically range from 1 to 6 inches in length. They start as gray-green spots but gradually turn pale gray or tan as they mature. Under moist conditions, dark gray spores are produced on the lower surface of the leaf, giving the lesions a “dirty” gray appearance. The fungus can cause entire leaves to die if infection is severe, and when this happens, individual lesions are no longer visible. In some cases, lesions may also appear on the husk of the corn ears, but the kernels remain unaffected by the disease. Corn hybrids that contain an Ht gene for resistance to *Setosphaeria turcica* show smaller lesions, which are chlorotic (yellowish) and may develop into linear streaks. These resistant varieties generally produce fewer spores, making them less susceptible to further infection. The disease thrives in humid, wet conditions and can lead to significant yield loss if not managed properly.","1. **Apply fungicides at the onset of the disease**: Fungicide applications have been shown to reduce the damage caused by Northern Leaf Blight, particularly in susceptible corn hybrids. The best results are achieved when fungicides are applied as soon as the disease is detected. Timing is crucial, and early intervention can help prevent further spread. 2. **Use resistant corn hybrids**: Planting hybrids that are resistant to NCLB, such as those containing the Ht gene, can help minimize the impact of the disease. These hybrids show fewer and smaller lesions, reducing the overall damage to the plants. 3. **Practice crop rotation**: Rotate corn with non-host crops to reduce the buildup of fungal spores in the soil and break the disease cycle. This practice helps minimize the risk of reinfection in the following seasons. 4. **Improve field management**: Ensure good air circulation around the plants by avoiding overcrowding, as this can help reduce the humidity levels in the canopy and make it less conducive to fungal growth. Proper spacing can also improve disease resistance.","https://crop-protection-network.s3.amazonaws.com/articles/NLB-Daren-Mueller-02.jpg",9

Corn : Healthy,"Corn plants thrive best in temperatures ranging from 75 to 80°F during the day and 65 to 70°F at night. For optimal growth, the soil should be kept consistently moist but not soggy, and watering should be done in moderation to avoid over-saturation. Fertilization is required only every 6 months. Corn plants, like many other crops, do well with bright but indirect light, although they can tolerate low light to a certain extent. It's normal for a corn plant to shed a few yellow leaves, but if several yellow leaves appear at once (such as five or more), this may indicate over-watering or inadequate light. When cared for properly, corn plants exhibit healthy green leaves and strong growth. However, excessive yellowing or wilting may be signs of stress due to environmental factors or improper care. Maintaining consistent care, such as proper watering, light conditions, and regular fertilization, is key to a thriving corn plant.","**Health Benefits of Corn**: 1. **Aids Digestion**: Corn is a rich source of dietary fiber, which helps improve digestion and prevent constipation. The fiber in corn promotes a healthy gut and supports regular bowel movements. 2. **Rich in B Vitamins**: Corn contains valuable B vitamins, especially B1 (thiamine), B5 (pantothenic acid), and B9 (folate), which are essential for overall health, energy production, and cell function. 3. **Mineral-Rich**: Corn provides essential minerals such as zinc, magnesium, copper, iron, and manganese, all of which play vital roles in bodily functions like immune support, bone health, and oxygen transport. 4. **Good Source of Antioxidants**: Corn is rich in antioxidants, such as lutein and zeaxanthin, which support eye health and may help prevent age-related vision loss. 5. **Promotes Heart Health**: The fiber, antioxidants, and minerals found in corn may contribute to a healthy heart by reducing cholesterol and supporting good cardiovascular function.","https://c8.alamy.com/comp/A85TR2/young-healthy-green-leaves-of-corn-maize-plant-in-pretty-unfolding-A85TR2.jpg",10

Grape : Black Rot,"Grape black rot is a fungal disease caused by the ascomycetous fungus *Guignardia bidwellii*. This disease predominantly affects grape vines during hot and humid weather conditions. Although it originated in eastern North America, it has spread to various parts of Europe, South America, and Asia. Grape black rot can lead to complete crop loss in warm, humid climates, but is rarely seen in regions with dry summers. The disease is characterized by black-bordered, growing brown patches on the leaves, which gives it the name 'black rot.' In addition to leaves, the disease attacks all green parts of the vine including the shoots, leaf and fruit stems, tendrils, and most damagingly, the fruit. Infected fruit often appears shriveled, dark, and may drop prematurely, resulting in significant yield loss. Early identification and treatment are crucial to manage black rot, as it spreads quickly under favorable conditions.","**Management and Control Methods**: To manage grape black rot, fungicides are commonly used. One effective option is **Mancozeb**, which is available in products like **BONIDE MANCOZEB FLOWABLE Fungicide**. Mancozeb contains 37% active ingredient and is highly effective in controlling black rot when applied according to label instructions. Another option is **Nova** (myclobutanil), available in **IMMUNOX FUNGICIDE**, containing 1.55% myclobutanil. It is also effective against grape black rot. In addition to fungicide treatments, proper vineyard management practices such as removing infected plant debris, ensuring proper air circulation, and pruning infected vines can help reduce the spread of the disease. Regular monitoring of the vineyard for early symptoms is also important for effective management.","https://upload.wikimedia.org/wikipedia/commons/thumb/c/cb/Guignardia_bidwellii_08.jpg/330px-Guignardia_bidwellii_08.jpg",11

Grape : Esca | Black Measles,"Grapevine measles, also known as esca, black measles, or Spanish measles, is a complex and chronic disease that has long been a problem for grape growers. The disease is difficult to manage due to its cryptic symptoms and the long-standing challenge of identifying the causal organism(s). The name 'measles' refers to the characteristic spots that appear on the fruit. These spots can appear anytime between fruit set and a few days before harvest, and may coalesce over time, causing the berries to appear black. Grapes affected early in the season, around fruit set, typically fail to mature, shriveling and drying out. Infected fruit later in the season will develop an acrid taste in addition to the characteristic spotting. The leaf symptoms associated with esca include a distinctive 'tiger stripe' pattern in severe infections, where the veins of the leaves are chlorotic and necrotic (yellow and dead spots). Mild infections may resemble other diseases or nutritional deficiencies. White cultivars may show chlorosis followed by necrosis, while red cultivars show red spots followed by necrosis. In early spring, shoot tip dieback, leaf discoloration, and severe cases may lead to defoliation.","**Management and Control Methods**: There is currently no effective method for controlling grapevine esca, though some management practices can help limit the disease's spread. Infected berries, leaves, and trunks should be removed and destroyed to prevent further infection. The pruning wounds on the vine should be protected using wound sealants such as a 5% boric acid in acrylic paint, essential oils, or suitable fungicides to minimize fungal entry. Regular monitoring for early symptoms and proper vineyard sanitation are essential in minimizing the impact of esca. It’s crucial to remove infected plant parts to reduce the source of fungal spores in the vineyard and avoid re-infection in the following seasons.","https://www.researchgate.net/profile/Laura-Mugnai/publication/43161073/figure/fig1/AS:340404659605512@1458170203496/Symptoms-associated-with-esca-of-grapevine-chlorosis-and-necrosis-on-the-leaves-showing_Q320.jpg",12

Grape : Leaf Blight | Isariopsis Leaf Spot,"Isariopsis leaf spot, caused by the obligate fungal pathogen *Isariopsis clavispora*, can infect all green parts of the grapevine. This disease is often confused with powdery mildew due to the similarities in symptoms. Infected leaves first develop pale yellow-green lesions that eventually turn brown. These lesions expand as the disease progresses. Severely infected leaves may drop prematurely, weakening the plant. The fungus also infects petioles, tendrils, and shoots, causing them to curl and develop a shepherd's crook appearance. As the infection advances, these structures turn brown and die. Young berries are particularly susceptible to the fungus and often become covered with white fruiting bodies of the pathogen. Older berries, especially on white cultivars, may turn a dull gray-green, while berries on black cultivars become pinkish-red. This disease is most damaging in humid conditions, especially during periods of excessive rainfall.","**Management and Control Methods**: To manage Isariopsis leaf spot, applying dormant sprays can help reduce the levels of fungal inoculum before the growing season begins. Regular pruning is essential to remove infected plant parts, including leaves, tendrils, petioles, and shoots. Proper canopy management to ensure good air circulation can help minimize disease development. It's crucial to scout regularly for early signs of the disease, as timely detection allows for more effective control measures. Protectant and systemic fungicides can be applied, but fungicide resistance is a concern, so rotating different types of fungicides is recommended. Weather conditions should be closely monitored, as wet, humid conditions favor the spread of the disease. Keeping vineyard practices robust throughout the growing season helps in preventing the establishment and spread of this disease.","https://www.goodfruit.com/wp-content/uploads/Black-rot-lesions-on-leaves-indicate-potential-for-fruit-infection-1-feat2.jpg",13

Grape : Healthy,"Healthy grapevines thrive with proper care, especially when watering practices are carefully controlled. Apply water directly to the root zone to ensure deep water penetration and avoid wetting the foliage, which can promote various fungal diseases. For young vines, reduce watering in the fall to encourage the plant to harden off its canes, preparing it for winter dormancy. Older vines typically need little additional water unless they are planted in sandy soils or other well-drained areas. Maintaining good practices, such as mulching and monitoring moisture levels, will keep the vines healthy and productive throughout the growing season.","**Health Benefits of Grapes**: Grapes are rich in essential nutrients, particularly vitamins C and K, which are crucial for maintaining a healthy immune system and promoting bone health. The high antioxidant content in grapes, including flavonoids and resveratrol, can help prevent chronic diseases such as heart disease and cancer. Plant compounds in grapes have been shown to offer protection against certain types of cancer by inhibiting the growth of cancer cells. Grapes also have a positive impact on heart health by improving circulation and lowering blood pressure. Additionally, they may help decrease blood sugar levels, offering protective benefits for individuals at risk of diabetes.","https://images.indianexpress.com/2021/02/grapes-1200.jpg",14

Orange : Huanglongbing | Citrus Greening,"Citrus greening disease, also known as Huanglongbing (HLB), is one of the most devastating diseases of citrus plants, caused by the bacterium *Candidatus Liberibacter spp.*, which is transmitted by the Asian Citrus Psyllid (ACP), a small insect vector. The disease is characterized by a progressive decline in tree health, starting with the yellowing of the veins and adjacent tissue of the leaves, followed by splotchy mottling that spreads across the entire leaf. This yellowing typically appears asymmetrical along the leaf veins, a distinguishing feature that sets it apart from nutrient deficiencies, which usually show symmetrical patterns. As the disease progresses, trees experience premature leaf drop, dieback of twigs, and the decay of feeder roots and lateral roots. These symptoms result in a general decline in tree vigor, stunted growth, and ultimately, the death of the tree. Affected trees often produce multiple off-season flowers, most of which fall off without developing into fruit. The fruit that does develop is typically small, misshapen, and has a thick, pale peel that remains green at the bottom, even as it ripens. The fruit tastes extremely bitter and is unmarketable, making citrus greening a severe economic threat to the citrus industry. In addition to the visible symptoms, the tree’s roots become weak, leading to a reduction in nutrient uptake, which further accelerates the decline of the tree. Greening is a slow-progressing disease, but once a tree is infected, there is no cure.","The best strategy to control Citrus Greening is to manage the Asian Citrus Psyllid (ACP) population, as the insect is responsible for transmitting the disease. Preventive measures include spraying trees with Neem oil insecticide, which targets the ACP. Neem oil should be applied to both the top and undersides of the foliage, ensuring full coverage. Reapplications may be necessary every 10-14 days, depending on the extent of the pest infestation. In addition to controlling the psyllid, it is crucial to treat any fungal mold growth that may arise as a result of the disease. Liquid copper fungicide is effective for treating such mold growth. Managing HLB also requires a combination of practices, such as removing and destroying infected trees to reduce the spread of the disease and implementing sanitation measures to prevent the spread of the ACP. Regular monitoring of the tree for symptoms of HLB and early intervention are key to minimizing the impact of the disease on citrus crops. While there is no cure for Citrus Greening, ongoing research into resistant rootstocks and bactericides may offer hope for future control.","https://www.universityofcalifornia.edu/sites/default/files/CitrusGreening.jpg",15

Peach : Bacterial Spot,"Bacterial spot is a significant disease affecting peaches, nectarines, apricots, and plums, caused by the bacterium *Xanthomonas campestris* pv. *pruni*. This disease manifests in various ways, primarily through fruit spots, leaf spots, and twig cankers. The symptoms on fruit include pitting, cracking, gumming, and watersoaked tissue, which weaken the fruit and make it highly vulnerable to secondary infections, such as brown rot and Rhizopus. Infected fruit often appears malformed, with a rough texture. As the disease progresses, it can cause severe leaf spot infections leading to early defoliation. The loss of leaves reduces the plant’s ability to photosynthesize, weakening the tree and lowering its overall vigor. This can also result in fruit that is smaller in size, and prone to sunburn and cracking. The early loss of leaves can also lead to a significant reduction in the tree's winter hardiness, making it more susceptible to frost damage. The disease can also cause cankers on twigs, further weakening the plant. In severe cases, bacterial spot can result in the death of affected trees.","Fruit symptoms of bacterial spot are often confused with peach scab, a fungal disease caused by *Cladosporium carpophyllium*. However, scab symptoms are different in that they are more circular and have a dark brown/greenish, fuzzy appearance. Scab does not cause pitting or cracking of the fruit surface, and while it can affect twigs, it does not cause leaf lesions. In contrast, bacterial spot can cause craters on the fruit’s surface as the lesions develop. It’s important to distinguish between these two diseases because their management strategies differ. Early intervention with appropriate fungicides and bactericides can help reduce the spread of bacterial spot, but once symptoms have appeared, control becomes much more difficult. Maintaining good orchard hygiene, pruning infected twigs, and using resistant varieties when available are key to minimizing the impact of bacterial spot.","https://www.gardeningknowhow.com/wp-content/uploads/2016/07/bacterial-spot-peach.jpg",16

Peach : Healthy,"Peach trees (*Prunus persica*) thrive in USDA Zones 5 to 8 or 9, and they are available in both dwarf and standard sizes, making them ideal for small backyard orchards or larger spaces. Dwarf varieties are particularly well-suited for those with limited space, while standard trees are great for those with room to grow a larger, more productive tree. Unlike many ornamental trees, peach trees require regular maintenance to remain healthy and produce a good crop. Regular pruning is essential to remove dead or damaged wood, improve air circulation, and encourage new growth. Fertilizing peach trees with a balanced fertilizer helps promote healthy growth and fruit production. Additionally, spraying peach trees with the appropriate fungicides and pesticides can help protect against diseases and pests that can affect fruit quality and yield. Peach trees prefer well-drained, slightly acidic soil and should be planted in full sun to produce the best fruit. Keeping the area around the tree clear of grass and weeds is important as these plants compete for water and nutrients. Mulching around the tree helps retain soil moisture, regulate temperature, and suppress weed growth, providing a healthy environment for the tree to grow. Proper care, including regular watering, especially during dry periods, and protecting the tree from extreme weather conditions, ensures long-term health and productivity.","Peaches are packed with essential nutrients and antioxidants that provide numerous health benefits. Rich in Vitamin C, peaches play a significant role in immune support and collagen production, which is important for skin health. The antioxidants in peaches, such as flavonoids and carotenoids, help protect the body from oxidative stress and may reduce the risk of chronic diseases. Peaches are also a good source of dietary fiber, which aids in digestion and promotes a healthy gut. The fiber in peaches can also help regulate blood sugar levels, making them a beneficial fruit for those managing diabetes. Regular consumption of peaches may contribute to improved heart health due to their potassium content, which supports healthy blood pressure levels. Additionally, the antioxidants in peaches have been linked to a reduced risk of certain types of cancer, particularly skin, lung, and breast cancer, by fighting free radicals and reducing inflammation. Peaches also contain beta-carotene, which is converted to Vitamin A in the body and supports healthy skin, vision, and immune function. People with seasonal allergies may also benefit from eating peaches, as some compounds in the fruit may help alleviate symptoms like sneezing and congestion. Peaches are widely available, easy to incorporate into your diet, and versatile for use in various dishes, from fresh salads to baked goods and smoothies.","https://www.tasteofhome.com/wp-content/uploads/2019/06/peaches-shutterstock_297863489-1.jpg",17

Pepper Bell : Bacterial Spot,"Bacterial spot is a common and damaging disease of peppers (*Capsicum annuum*) caused by the bacterium *Xanthomonas campestris* pv. *vesicatoria*. It is characterized by symptoms that first appear as small, water-soaked spots on the lower (abaxial) leaf surface, which then develop into pimples or small raised lesions. On the upper leaf surface, the lesions initially appear as small, water-soaked spots, eventually becoming gray or tan with darker borders. These lesions enlarge in warm, humid conditions, and the affected areas may turn yellow, then brown, and eventually cause the leaves to drop. The bacterium spreads rapidly in wet conditions, with rainwater splashing the bacteria from infected to healthy plants, and through human activity such as working with wet, contaminated plants. Lesions may also develop on pepper stems and fruits, resulting in small, raised rough spots on the peppers themselves, which typically do not affect the eating quality but may affect the appearance. In severe cases, infected plants may suffer significant defoliation, leading to sunscald on the peppers and reduced photosynthesis, which stunts plant growth. The disease is most prevalent during wet weather and can cause rapid defoliation, weakening the plant. Bacterial spot is often spread through infected seed or transplants and can overwinter in crop residue or soil, creating a source of inoculum for future seasons. Hot, dry weather can slow the spread of the disease but does not eradicate it, making it important to manage bacterial spot in all weather conditions.","To effectively manage bacterial spot on pepper plants, start by selecting resistant pepper varieties that are less susceptible to the disease. Always purchase disease-free seeds and transplants from reputable sources to avoid introducing the pathogen to your garden. If you are saving seeds from your own plants, disinfect them by soaking them in a 10% chlorine bleach solution (1 part bleach to 9 parts water) for 2 minutes, then rinse thoroughly and allow them to dry before planting. Mulch plants deeply with organic materials such as newspaper topped with straw or grass clippings to reduce the spread of the bacteria and maintain soil moisture. Avoid overhead watering, as wetting the foliage can promote the spread of the disease. Instead, use drip irrigation or water at the base of the plant. Remove and discard any infected plant parts immediately, including leaves and stems that are showing signs of the disease, and clean up all plant debris at the end of the growing season to minimize overwintering inoculum. Spraying every 10-14 days with fixed copper fungicides (such as *Bordeaux mixture*) can help slow the progression of the disease and protect healthy plant tissue from new infections. Rotate peppers with non-susceptible crops each season to reduce the buildup of the pathogen in the soil. If infection levels are severe, consider covering the soil with black plastic mulch or black landscape fabric prior to planting, which can help suppress bacterial growth and reduce the risk of reinfection.","https://extension.umd.edu/sites/default/files/_images/programs/grow_it_eat_it/diseases/BacterialLeafSpot/bacterial_leaf_spot_pepper_plant_l.jpg",18

Pepper Bell : Healthy,"Bell peppers (*Capsicum annuum*) require consistent care to thrive and produce healthy fruit. For optimal growth, it is essential to keep bell peppers well-watered, ensuring the soil is moist but never soggy. Water the plants deeply to moisten the soil about 6 inches (15 cm) deep, and then allow the soil to dry slightly before watering again. This helps to encourage healthy root growth and prevents root rot. Watering is especially critical during fruit set, when tiny peppers begin to replace the blossoms, and as the peppers mature. Consistent moisture levels are necessary to ensure the peppers stay firm, vibrant, and healthy throughout their growth cycle. Avoid overwatering, as excessive moisture can lead to fungal diseases and other issues. It is also important to water at the base of the plants to avoid wetting the foliage, which can contribute to fungal problems and attract pests. Ensure good drainage and provide adequate spacing between plants to allow for proper air circulation, further promoting healthy growth.","Red, orange, and yellow bell peppers are not only delicious and versatile but also packed with a variety of essential nutrients, making them a fantastic choice for a healthy diet. They are particularly rich in vitamins A and C, which are crucial for maintaining good vision, a healthy immune system, and skin health. Vitamin A supports eye health and enhances the body’s ability to fight infections, while vitamin C is an antioxidant that helps protect cells from damage, promotes wound healing, and boosts iron absorption. Bell peppers are also an excellent source of potassium, which helps regulate blood pressure and supports proper muscle and nerve function. Additionally, bell peppers contain a healthy amount of fiber, which aids in digestion, and folate, which is important for cell growth and the prevention of birth defects. Bell peppers are low in calories, making them a great snack for those looking to maintain or lose weight while benefiting from their high nutrient content. They also provide a moderate amount of iron, which supports the production of red blood cells and helps prevent anemia. By incorporating bell peppers into your diet, you can enjoy their numerous health benefits while adding flavor and color to your meals.","https://www.healthbenefitstimes.com/9/gallery/bell-peppers/Bell-pepper-leaves.jpg",19

Potato : Early Blight,"Early blight (*Alternaria solani*) is a fungal disease that commonly affects potato crops in many production areas, occurring annually to varying degrees depending on environmental factors. The severity of the disease is influenced by several factors, including the frequency of foliar wetness from rain, dew, or irrigation, the nutritional status of the potato foliage, and the susceptibility of the potato cultivar. The first symptoms of early blight are usually visible on the older (lower) leaves of the plant. These early lesions appear as small, circular or irregular, dark-brown to black spots. These spots can enlarge, typically reaching up to 3/8 inch (1 cm) in diameter. As the disease progresses, the lesions may become angular in shape due to the leaf veins restricting their growth. In more advanced stages, the lesions turn dark brown and develop concentric rings, making them resemble target-like patterns. The initial lesions may be confused with brown spot lesions, but these lesions on young, fully expanded leaves typically appear within two to three days after infection. After the initial infection, the lesions continue to expand, and new sporulation (production of fungal spores) occurs on the surface of the lesions within three to five days. This sporulation can lead to the spread of the disease to healthy plants and other areas of the field.","To effectively manage early blight, prevention is key. One important preventive measure is the selection of potato varieties that are resistant to early blight. Late-maturing potato varieties tend to show more resistance to early blight than early-maturing varieties. It is also crucial to avoid overhead irrigation, as water that wets the foliage can create the ideal conditions for the fungal spores to infect the leaves. In addition, ensuring proper plant spacing and allowing for adequate aeration between plants helps the foliage dry quickly, which reduces the chances of fungal infection. Proper crop rotation can also reduce the risk of disease buildup in the soil. In areas with high disease pressure, fungicide applications may be necessary as part of an integrated disease management program. Fungicides should be applied at the onset of symptoms and according to label recommendations to prevent the disease from spreading and to minimize crop loss.","https://www.ag.ndsu.edu/publications/crops/early-blight-in-potato/figure-1-opt.jpeg/@@images/468990cc-77a9-4e29-8779-0eb3e94e0407.jpeg",20

Potato : Late Blight,"Late blight (*Phytophthora infestans*) is a devastating fungal disease that primarily affects potatoes but can also infect other solanaceous plants such as tomatoes, petunias, and hairy nightshade. These alternative hosts can act as sources of inoculum, facilitating the spread of the disease to potato crops. The first symptoms of late blight typically appear as small, water-soaked spots that range from light to dark green in color. These lesions are often circular or irregular in shape and usually develop on the lower leaves of the plant. In many cases, the lesions begin near the leaf tips or edges, areas where dew tends to accumulate and remain for longer periods. Under cool, moist conditions, these lesions rapidly expand into large, dark brown or black lesions, which often have a greasy appearance. The lesions may also be surrounded by a yellow chlorotic halo, which is a typical symptom of late blight. Infected leaves may eventually curl, wither, and die, and the disease can spread to the stems and tubers, causing significant crop loss. During humid weather, the disease can progress rapidly, making it difficult to control once it has spread across the field.","To effectively manage late blight, a prophylactic spray program is essential. In areas where the disease pressure is high, it is recommended to apply fungicides as a preventive measure before symptoms appear. A typical treatment regime involves a prophylactic spray of mancozeb at a concentration of 0.25%, followed by a combination spray of cymoxanil + mancozeb or dimethomorph + mancozeb at 0.3% as soon as the first symptoms of the disease are noticed. A second spray of mancozeb at 0.25% should be applied seven days after the systemic fungicide applications. This combination of contact and systemic fungicides helps to provide effective control over late blight, particularly in regions like West Bengal, where the disease is prevalent. It is crucial to monitor weather conditions and adjust fungicide applications based on disease pressure. In addition to fungicide use, cultural practices such as proper plant spacing, rotation with non-solanaceous crops, and removal of infected plant debris can help reduce the spread of the disease.","https://www.ag.ndsu.edu/publications/crops/late-blight-in-potato/figure-2-opt.jpeg/@@images/dfe1e0b4-08d4-404a-8e66-474de72b1e91.jpeg",21

Potato : Healthy,"Healthy potato plants require consistent moisture levels to promote healthy growth, especially during the tuber establishment phase. When watering potato plants, ensure that the water reaches the ground level, soaking the soil to a depth of about 8-10 inches. Regular watering is essential to maintain adequate soil moisture, particularly when the tubers are developing. In hot or warm weather, the soil tends to dry out quickly, so it is important to water the plants in large amounts twice a day. This helps maintain the necessary moisture for optimal growth and tuber development. Additionally, proper soil drainage and aeration are essential to avoid waterlogging, which can lead to disease problems. Mulching around the plants can help retain moisture and reduce the need for frequent watering.","Potatoes are packed with essential nutrients and offer numerous health benefits. They are rich in vitamins such as vitamin C, vitamin B6, and potassium, which are vital for various bodily functions, including immune support, nerve function, and heart health. In addition, potatoes are an excellent source of antioxidants, such as flavonoids, carotenoids, and phenolic acids, which help combat oxidative stress and reduce the risk of chronic diseases. Potatoes are also beneficial for blood sugar control, as they have a moderate glycemic index and contain fiber, which can help regulate glucose levels. The fiber content also contributes to improved digestive health by promoting healthy bowel function and preventing constipation. Naturally gluten-free, potatoes are an excellent option for individuals with gluten sensitivity or celiac disease. They are highly filling, making them a great food choice for those looking to feel satiated while maintaining a balanced diet. Furthermore, potatoes are incredibly versatile in cooking and can be used in a variety of dishes, from mashed potatoes and baked potatoes to fries and stews.","https://www.garden.eco/wp-content/uploads/2018/06/can-you-eat-potato-leaves.jpg",22

Raspberry : Healthy,"Raspberry plants require consistent moisture for optimal growth, especially during fruit-bearing periods. Water the bushes with approximately one inch of water per week from the spring through to the end of harvest. This regular watering schedule is more effective than infrequent deep soaking, which can lead to uneven moisture levels. The key is to maintain consistent moisture without overwatering, which can cause root rot. It's also essential to ensure that the raspberry patch is tidy by regularly removing any unwanted suckers or canes that grow away from the main rows. If not removed, these suckers will absorb nutrients from the soil, potentially reducing the number of berries produced in the following season. Pruning these suckers not only helps in improving yield but also promotes better airflow and disease resistance within the patch. Additionally, the roots of raspberries are shallow, so consistent watering and mulching can help maintain moisture levels and protect against extreme temperature fluctuations.","Raspberries are a powerhouse of nutrients, offering numerous health benefits. They are an excellent source of potassium, a vital mineral that helps maintain proper heart function and can assist in lowering blood pressure. The omega-3 fatty acids found in raspberries are important for cardiovascular health, as they help prevent stroke and reduce the risk of heart disease. These fatty acids also contribute to overall brain health. Moreover, raspberries contain manganese, a mineral essential for the development and maintenance of healthy bones, skin, and tissues. Manganese also helps regulate blood sugar levels, making raspberries a good option for those managing their blood sugar levels. Rich in fiber, antioxidants, and vitamin C, raspberries support digestive health and boost the immune system. Incorporating raspberries into your diet can also provide anti-inflammatory benefits, improve skin health, and protect against oxidative stress. Their naturally low sugar content makes them a great choice for anyone looking to maintain a balanced diet. Additionally, raspberries are versatile and can be enjoyed fresh, frozen, or incorporated into a variety of dishes such as smoothies, desserts, and salads.","https://www.gardeningknowhow.com/wp-content/uploads/2009/04/raspberry.jpg",23

Soybean : Healthy,"To ensure healthy soybean growth, it’s important to keep the planting beds evenly moist until the soybeans have sprouted. Regular watering is especially crucial during the flowering and pod formation stages to ensure optimal growth and a healthy harvest. However, overhead watering should be avoided, as it can cause flowers and pods to fall off prematurely. Instead, use drip irrigation or water directly at the base of the plants. Once the soil temperature reaches above 60°F (16°C), mulching is recommended to conserve moisture and maintain consistent soil temperature, which is beneficial for healthy root development. Proper soil moisture management is key to achieving a successful soybean crop.","Soybeans are highly nutritious, offering several health benefits. They are a rich source of dietary fiber, which is important for digestive health and helps in managing blood sugar levels. Additionally, soybeans are packed with plant-based protein, making them an excellent choice for vegetarians and vegans. Soybeans are low in saturated fat and completely cholesterol-free, making them heart-healthy. They are also lactose-free, which makes them a good alternative to dairy products for individuals who are lactose intolerant. In addition, soybeans are an excellent source of omega-3 fatty acids, which play a key role in brain health and reducing inflammation. Soybeans contain antioxidants that help protect the body from oxidative stress, and they are rich in phytoestrogens, plant compounds that may offer hormonal benefits, particularly for women during menopause. Including soybeans in your diet can contribute to overall health and wellness, particularly in promoting cardiovascular health, weight management, and bone health.","https://upload.wikimedia.org/wikipedia/commons/a/ac/Soybean_leaves.jpg",24

"Squash : Powdery Mildew","Powdery mildew is a fungal disease that appears as white powdery spots on both the upper and lower surfaces of squash leaves. These spots quickly expand into larger, irregular blotches, covering significant areas of the plant. As the disease progresses, it weakens the squash plant, leading to reduced plant vigor, premature ripening of fruit, and overall lower yields. Affected plants often produce fewer, smaller fruits. The fungus thrives in warm, dry conditions, where new spores rapidly form and spread the disease, further affecting surrounding plants. Symptoms of powdery mildew usually appear in the mid to late summer, particularly in regions like Minnesota, where warm, dry conditions are common. To manage the disease, it’s essential to promote good air circulation around plants. This can be achieved through proper plant spacing, staking, and diligent weed control. Ensuring that plants are not crowded will help minimize the conditions under which powdery mildew thrives. If you are growing susceptible squash varieties in areas with a history of powdery mildew infections and significant yield loss, fungicide application may be necessary. However, there are also natural remedies that can help control the disease. One effective solution is a homemade mixture of one tablespoon of baking soda and one-half teaspoon of liquid, non-detergent soap mixed with one gallon of water. This solution can be sprayed liberally on the plants to prevent the mildew from spreading. Another surprising remedy is mouthwash, commonly used to kill germs in the mouth, which can also be effective against powdery mildew spores. Simply apply the mouthwash to the plant surfaces to control the infection. To prevent further spread, it is important to regularly inspect plants for early signs of the disease, and immediately remove and discard any infected leaves or plant parts. Managing the environment by ensuring good airflow and avoiding overhead watering can also help minimize the risk of powdery mildew outbreaks.","Promote good air circulation around plants, Use proper plant spacing, stake plants, weed control, Use natural remedies such as baking soda mixture, Use mouthwash for mildew spores, Apply fungicides for susceptible varieties, Regularly inspect plants, Remove infected parts immediately.","https://extension.umn.edu/sites/extension.umn.edu/files/styles/caption_medium/public/powdery-mildew-2.jpg?itok=Un68av52",25

Strawberry : Leaf Scorch,"Leaf scorch symptoms are very similar to the early stages of common (Mycosphaerella) leaf spot, with irregular dark purple spots being scattered over the upper leaf surface. As the spots enlarge, they begin to look like drops of tar, and are actually the accumulations of black fruiting bodies (acervuli) of the fungus. The centers of the spots remain purple (in Mycosphaerella leaf spot they are white) and there is no well-defined lesion border. In heavy infections, these regions coalesce and the tissue between the lesions often takes on a purplish to bright red color that is dependent on cultivar, temperature, or other factors. The leaves eventually turn brown, dry up, and curl at the margins giving the leaf a scorched appearance. Examination of the acervuli and conidial morphology can help to distinguish between leaf spot and leaf scorch at this advanced stage of disease. On the upper leaf surfaces of leaf scorch lesions, the acervuli are dark with glistening spore masses and dark apothecia. Petiole lesions are elongate, sunken, with a purplish to brown color and can kill the leaf by girdling the petiole. Runners, fruit stalks, fruit and caps can also become infected. Plants may become weakened and the number and vigor of crowns reduced. Infection predisposes the plants to winter and drought stress. In severe infestations, flowers and fruit may die.","While leaf scorch on strawberry plants can be frustrating, there are some strategies which home gardeners may employ to help prevent its spread in the garden. The primary means of strawberry leaf scorch control should always be prevention. Since this fungal pathogen overwinters on the fallen leaves of infected plants, proper garden sanitation is key. This includes the removal of infected garden debris from the strawberry patch, as well as the frequent establishment of new strawberry transplants. The creation of new plantings and strawberry patches is key to maintaining a consistent strawberry harvest, as older plants are more likely to show signs of severe infection.",https://content.ces.ncsu.edu/media/images/17531_IMG_2126.JPG,26

"Strawberry : Healthy","Strawberries thrive best in a sunny spot, and they require a lot of light to produce healthy fruit. The ideal location is one where the plants can receive plenty of morning sunlight. If your strawberries are planted in pots or containers, you can move them around throughout the day to take advantage of changing sunlight, which can help maximize their growth. Strawberries are quite thirsty, especially during fruit production, so make sure to water them daily. It's best to water them in the morning, and avoid wetting the leaves to prevent diseases. Additionally, keep the plants protected from extreme weather conditions and strong winds, as these can damage them. While strawberries love sunlight, it's important to note that prolonged exposure to direct midday sun can be harmful, so a little shade in the hottest part of the day is beneficial. If you grow strawberries in containers, ensure they have good drainage to avoid waterlogging, which can lead to root rot. Weeding is also crucial to ensure your strawberries have access to all the nutrients in the soil without competition. Strawberries require a lot of energy to produce fruit, so they should be fertilized regularly. Use a balanced fertilizer, such as a 10-10-10 or 12-12-12 formula, and always follow the instructions on the label. Over-fertilizing can reduce fruit yield and may cause excessive runner production, which takes away energy from fruit production. By providing the right growing conditions, you can help your strawberry plants thrive and yield a bountiful harvest.","Strawberries provide numerous health benefits due to their rich nutrient content. They are packed with vitamins, particularly vitamin C, and are a great source of fiber. These nutrient-rich fruits are also high in antioxidants known as polyphenols, which have been shown to help protect against chronic diseases, including heart disease and certain types of cancer. Strawberries are sodium-free, fat-free, cholesterol-free, and low in calories, making them an excellent choice for a healthy diet. In fact, they are among the top 20 fruits in antioxidant capacity, which is crucial for fighting oxidative stress and reducing inflammation in the body. Additionally, strawberries provide a good amount of manganese and potassium, two minerals important for bone health, regulating blood pressure, and maintaining overall metabolic function. Just one serving of strawberries (about eight berries) contains more vitamin C than an orange, which helps boost the immune system and promotes skin health. Incorporating strawberries into your diet can benefit your cardiovascular health, lower your blood pressure, and improve your overall well-being.","Provide plenty of sunlight, Water daily, especially during fruiting, Water in the morning, Avoid wetting leaves, Protect from extreme weather, Ensure good drainage in pots, Keep weeds in check, Fertilize with balanced fertilizer, Avoid over-fertilizing, Provide a little afternoon shade.","https://www.canr.msu.edu/uploads/images/7-12-11-MARK-plhstrw4.jpg",27

Tomato : Bacterial Spot,"Bacterial spot of tomato is a potentially devastating disease that, in severe cases, can lead to unmarketable fruit and even plant death.  Bacterial spot can occur wherever tomatoes are grown, but is found most frequently in warm, wet climates, as well as in greenhouses.  The disease is often an issue in Wisconsin.Bacterial spot can affect all above ground parts of a tomato plant, including the leaves, stems, and fruit.  Bacterial spot appears on leaves as small (less than ? inch), sometimes water-soaked (i.e., wet-looking) circular areas.  Spots may initially be yellow-green, but darken to brownish-red as they age.  When the disease is severe, extensive leaf yellowing and leaf loss can also occur.  On green fruit, spots are typically small, raised and blister-like, and may have a yellowish halo.  As fruit mature, the spots enlarge (reaching a maximum size of ¼ inch) and turn brown, scabby and rough.  Mature spots may be raised, or sunken with raised edges.","Plant pathogen-free seed or transplants to prevent the introduction of bacterial spot pathogens on contaminated seed or seedlings.  If a clean seed source is not available or you suspect that your seed is contaminated, soak seeds in water at 122°F for 25 min. to kill the pathogens.  To keep leaves dry and to prevent the spread of the pathogens, avoid overhead watering (e.g., with a wand or sprinkler) of established plants and instead use a drip-tape or soaker-hose.  Also to prevent spread, DO NOT handle plants when they are wet (e.g., from dew) and routinely sterilize tools with either 10% bleach solution or (better) 70% alcohol (e.g., rubbing alcohol).  Where bacterial spot has been a recurring problem, consider using preventative applications of copper-based products registered for use on tomato, especially during warm, wet periods.  Keep in mind however, that if used excessively or for prolonged periods, copper may no longer control the disease.  Be sure to read and follow all label instructions of the product that you select to ensure that you use it in the safest and most effective manner possible.",https://www.growingproduce.com/wp-content/uploads/2019/08/bacterial_spot_tomato.jpg,28

"Tomato : Early Blight","Early blight is a common and persistent tomato disease that affects both field and high tunnel tomato production, especially in regions with favorable wet conditions. The disease is caused by the fungus *Alternaria solani*, and it typically manifests on the lower leaves first, with dark, concentric lesions that grow larger and coalesce. These lesions can also appear on the stems and fruit, leading to a decline in plant health. As the disease progresses, it can cause significant defoliation, leaving tomatoes exposed to sunscald, which affects the quality and yield of the fruit. Early blight is one of the most yield-limiting diseases for tomatoes when susceptible cultivars are grown under conditions favorable to the pathogen, such as during prolonged wet and humid weather. It can spread quickly and severely affect the plant's overall health and productivity if left unchecked.","Managing early blight involves several cultural practices and treatments to prevent or limit its spread. First, improve air circulation around the plants by pruning or staking them. This will reduce the humidity around the foliage and make it harder for the fungal spores to thrive. Always disinfect pruning shears after each cut using a bleach solution (one part bleach to four parts water) to prevent transferring spores between plants. Keeping the soil under the plants clean and free from garden debris will also help limit the spread of spores. Mulch with organic compost to create a barrier that prevents spores from splashing up onto the leaves during watering or rainfall. Watering with drip irrigation or soaker hoses can keep the foliage dry, which helps prevent fungal growth. For effective disease control, apply copper-based fungicides early—ideally, two weeks before the disease is expected to appear or whenever extended wet weather is predicted. Alternatively, you can begin treatment as soon as symptoms appear. Reapply the fungicide every 7 to 10 days, especially during prolonged rainy periods. Bonide® Garden Dust, which contains copper and pyrethrins, is a good choice for controlling both insect and fungal problems, providing a safe, one-step treatment. To get the best results, apply the dust evenly on both the tops and undersides of the leaves, using a thin, uniform film. Depending on the density of the foliage, 10 oz of the product can cover up to 625 square feet, and it should be reapplied every 7 to 10 days as needed.","Improve air circulation through pruning and staking, Disinfect pruning tools after each use (1 part bleach, 4 parts water), Keep the soil clean and free from debris, Mulch with organic compost, Use drip irrigation or soaker hoses to keep foliage dry, Apply copper-based fungicides early or at the first sign of disease, Reapply fungicide every 7-10 days, Use Bonide® Garden Dust for insect and fungal control, Cover both sides of leaves with fungicide.","https://extension.umn.edu/sites/extension.umn.edu/files/styles/large/public/early-blight-leaf-tomato.jpg?itok=woYQQlrF",29

"Tomato : Late Blight","Late blight is a highly destructive disease caused by the oomycete *Phytophthora infestans*, a water mold that is often mistaken for a true fungus but belongs to a different group of organisms called oomycetes. This pathogen is responsible for widespread damage to both tomato and potato crops, infecting leaves, stems, and fruit. Late blight can spread quickly in the field under cool, wet conditions, leading to significant crop losses. The disease is known for its rapid progression and can result in total crop failure if not effectively controlled. Late blight has a historical significance, as it was responsible for the Irish Potato Famine in the 1840s, which led to widespread crop devastation and famine. The pathogen is characterized by numerous clonal lineages, identified by specific number codes such as US-23, and while many of these lineages can affect both tomatoes and potatoes, some strains are specific to one crop or the other. The symptoms of late blight include large, dark, water-soaked lesions on leaves and stems, often with a pale yellow halo, which can rapidly spread and cause significant damage to the plant's overall health.","Sanitation is the first and most critical step in managing late blight. Immediately remove and destroy any debris, infected fruit, and plant matter to prevent the disease from overwintering in the garden, especially in regions where freezing temperatures are not guaranteed. Because there are no tomato varieties currently resistant to late blight, regular plant inspections should be conducted at least twice a week, with particular attention given during wet conditions when the disease thrives. Fungicides containing maneb, mancozeb, chlorothalonil, or fixed copper can be effective in protecting plants from late blight, but these need to be applied regularly throughout the growing season, as the disease can strike at any time. Organic gardeners can use fixed copper products approved for organic use. Repeated fungicide applications are necessary to maintain control over the disease. If a plant shows signs of infection, it should be immediately removed and destroyed to prevent the disease from spreading. Additionally, avoid overhead watering to reduce moisture on the foliage, and ensure proper air circulation by spacing plants adequately. In case of severe infections, consider rotating crops annually to avoid reinfection and reduce the buildup of the pathogen in the soil.","Sanitation is key – remove all debris and fallen fruit, especially in warmer areas, Inspect plants twice a week, Use fungicides such as maneb, mancozeb, chlorothalonil, or fixed copper, Apply fungicides regularly throughout the growing season, For organic gardeners, use approved fixed copper products, Remove infected plants immediately, Space plants adequately for air circulation, Rotate crops annually to reduce soil-borne pathogens.","https://www.canr.msu.edu/contentAsset/image/e97d1ef0-5b55-49b0-ab4e-c57dcbeca65e/fileAsset/filter/Resize,Jpeg/resize_w/750/jpeg_q/80",30

"Tomato : Leaf Mold","Tomato leaf mold is a fungal disease caused by *Cladosporium fulvum*, which thrives in high humidity conditions and extended periods of leaf wetness. It typically develops in controlled environments like hoophouses and greenhouses, where humidity levels can exceed 85%, creating an ideal environment for the fungus to grow. The disease can also occur in the field during certain weather conditions, particularly during periods of wet weather, and can affect tomato plants at any time during the growing season, though it is most commonly seen in the early spring or summer. The optimal temperature for tomato leaf mold development is around the low 70s (°F), but it can also occur in temperatures ranging from 50.9°F to 90°F. The symptoms of the disease begin with the appearance of yellow spots on the upper surface of leaves, which eventually turn into large, irregular lesions. On the underside of the affected leaves, olive-green spore masses form in discrete clusters. As the disease progresses, the affected leaves begin to yellow and die off, leading to reduced photosynthesis and poor plant growth. Tomato leaf mold can significantly reduce yield if not controlled properly.","To treat tomato leaf mold, it is essential to thoroughly cover all plant surfaces with fungicide, especially the underside of the leaves, where the disease is most likely to develop. Calcium chloride-based fungicides are commonly recommended for managing leaf mold because they help to reduce the spread of the disease by reducing moisture on the leaf surface. Organic fungicides, such as copper-based products or neem oil, may also be used to control leaf mold, though they may require more frequent applications. Regular pruning of affected leaves can help reduce the amount of spores present on the plant, and it’s also important to improve airflow around the plants to reduce humidity and moisture levels. Ensure proper spacing between plants and avoid overhead irrigation, as this can increase humidity levels and promote the spread of the disease. If the disease is caught early, treatments can help reduce the spread and minimize yield loss.","Fungicide treatments (calcium chloride-based or organic fungicides like copper or neem oil), Prune affected leaves to reduce spore spread, Improve airflow around plants to reduce humidity, Space plants adequately to promote air circulation, Avoid overhead irrigation, Keep humidity levels in check in greenhouse environments, Apply fungicides thoroughly, especially on the undersides of leaves.","https://www.gardeningknowhow.com/wp-content/uploads/2018/04/tomato-leaf-mold-400x300.jpg",31

"Tomato : Septoria Leaf Spot","Septoria leaf spot is a fungal disease caused by *Septoria lycopersici*, and it is one of the most destructive diseases affecting tomato plants, particularly in regions with wet, humid conditions. The disease commonly appears on the lower leaves after the first set of fruit has developed. Initial symptoms include small, circular spots, ranging from 1/16 to 1/4 inch in diameter. These spots typically have dark brown margins with tan or gray centers, often featuring tiny black fruiting bodies within the spots. As the disease progresses, the number of spots increases, and the leaves begin to yellow around the lesions. The infected leaves then turn brown, wither, and drop off, reducing the plant’s overall photosynthetic ability. Septoria leaf spot typically spreads from older, lower leaves to younger, upper leaves, and while the fungus can infect the foliage, fruit infection is rare. If left unchecked, the disease can cause significant defoliation, weakening the plant and potentially reducing the yield. Septoria leaf spot thrives in wet conditions, and its spread is facilitated by water splashing onto the plant surfaces, particularly in areas with dense plant growth.","The key to managing septoria leaf spot is early intervention and preventive practices. The first step is to remove and dispose of all infected leaves to reduce the source of fungal spores. Pruning the lower leaves and improving air circulation around the plants will help reduce humidity levels around the foliage, making it less conducive to fungal growth. Mulching around the base of plants can help prevent soil splashing, which could introduce fungal spores to the plant. Be sure to apply mulch after the soil has warmed to avoid providing a habitat for the fungus. Avoid overhead irrigation, as it can spread the disease through water droplets. Instead, use drip irrigation or soaker hoses to keep the foliage dry. Watering should be done early in the day to allow the plants to dry out by evening, further reducing the risk of fungal infection. Weeds should be controlled, especially nightshade and horsenettle, which can harbor the disease. Crop rotation is another important strategy to control septoria leaf spot; avoid planting tomatoes in the same area where infected plants grew for at least one to two years. Fungicides, particularly those containing chlorothalonil, copper, or mancozeb, can be used to protect healthy plants, but they must be applied regularly, especially during periods of wet weather.","Remove infected leaves and dispose of them immediately, Improve air circulation by spacing plants and pruning lower leaves, Mulch around the base of plants to prevent soil splashing, Use drip irrigation or soaker hoses to keep foliage dry, Water early in the day to allow the plants to dry out, Control weeds like nightshade and horsenettle, Practice crop rotation to prevent re-infection, Use fungicidal sprays (chlorothalonil, copper, or mancozeb) at the onset of disease, Apply fungicides regularly during wet weather to prevent spread.","https://www.missouribotanicalgarden.org/portals/0/Gardening/Gardening%20Help/images/Pests/Septoria_Leaf_Spot_of_Tomato187.jpg",32

"Tomato : Spider Mites | Two-Spotted Spider Mite","The two-spotted spider mite (*Tetranychus urticae*) is one of the most common and destructive pests of tomato plants, particularly in New England and other regions with warm, dry conditions. These tiny arachnids are notorious for infesting a variety of vegetable and fruit crops, including eggplants, potatoes, melons, cucumbers, and other vine crops. They thrive in environments with excess nitrogen, dry weather, and dusty conditions. Two-spotted spider mites reproduce rapidly, with up to 20 generations per year. The pests are especially problematic when broad-spectrum insecticides are used, as these chemicals eliminate the natural predators that normally help to keep mite populations under control. Early detection and management are critical for preventing significant crop damage, as mite outbreaks can quickly spread and affect plant health. The spider mites damage tomato plants by feeding on the underside of leaves, causing stippling and yellowing, which can lead to premature leaf drop and reduced plant vitality. Severe infestations can stunt plant growth, decrease fruit yield, and make the plant more susceptible to diseases. Signs of infestation include a fine webbing on the leaves, especially around the leaf edges. Adult spider mites are visible to the naked eye, appearing as tiny, moving specks, typically yellow or green with two dark spots on their bodies.","To manage two-spotted spider mites, it’s essential to practice an integrated pest management (IPM) approach. Begin by avoiding weedy fields, as weeds can serve as alternate hosts for mites, and avoid planting eggplant adjacent to legume forage crops, which are also susceptible. Reducing the use of broad-spectrum insecticides in the early season can help preserve natural predators like ladybugs and predatory mites that are key to controlling spider mite populations. Additionally, avoid over-fertilizing, as excess nitrogen can encourage mite reproduction. When it comes to irrigation, avoid overhead watering, as it can promote the spread of spider mites and other pests. Prolonged periods of rain or the use of sprinklers can help reduce mite populations by washing the mites off the plants. In severe cases, consider using miticides, but be sure to apply them early and follow recommended practices to avoid resistance development.","Avoid planting in weedy fields, especially near legume forage crops, Limit early-season broad-spectrum insecticide use, Prevent over-fertilizing, Use drip or soaker irrigation rather than overhead watering to reduce mite spread, Use rain or sprinklers to wash off mites, Apply miticides if necessary, but be cautious to prevent resistance.","https://entomology.ca.uky.edu/files/styles/panopoly_image_original/public/310a.jpg?itok=XNlP0H9H",33

"Tomato : Target Spot","Target spot is a fungal disease caused by *Corynespora cassiicola*, primarily affecting tomato plants. The disease usually begins on the older, lower leaves and spreads upwards. The first visible symptom is the appearance of small, irregular-shaped spots that are less than 1 mm in diameter, surrounded by a yellow margin. As the disease progresses, the spots enlarge to about 10 mm in size and develop concentric rings, giving the disease its name 'target spot.' These characteristic rings make the spots resemble targets, and as the infection spreads, the leaves become yellow, collapse, and eventually die. The disease can also affect stems, causing long, thin lesions. In some cases, small, light brown spots with dark borders may appear on the fruit, although this is less common. The pathogen spreads rapidly in wet, windy conditions, as the spores are dispersed by wind-blown rain. If the weather remains wet and windy for several days, the disease can spread quickly, and plants may lose their leaves prematurely, which severely reduces their photosynthetic capacity and affects overall plant health.","Effective control of target spot requires both cultural and chemical management practices. First and foremost, cultural control is essential for reducing disease spread. When planting new crops, avoid placing them next to older plants that have already been infected. If possible, plant as far away as possible from papaya, which can be a host for the disease, especially if the leaves show small angular spots similar to those caused by target spot. It is critical to inspect seedlings in the nursery and discard any that show signs of leaf spots to prevent introducing the disease into the field. Another important practice is to prune the lower branches of the plants to improve airflow at the base, which helps reduce the humidity that fosters fungal growth. As soon as the disease appears, remove and dispose of infected lower leaves, particularly after the lower fruit trusses have been harvested. Weeds can also harbor the disease, so it's vital to keep plots free from weeds. Overhead irrigation should be avoided, as it creates a favorable environment for spore production and further infection. After the harvest, it is important to collect and burn any infected crop debris to reduce the number of spores in the field. Finally, practicing crop rotation is essential for long-term management. Do not plant tomatoes in the same location for at least 3 years after an outbreak of target spot to help break the disease cycle.","Do not plant new crops next to older ones with the disease, especially avoid planting near papaya plants, Inspect seedlings and discard any with leaf spots, Prune lower branches for better airflow, Remove and burn infected leaves, Keep plots free of weeds, Avoid overhead irrigation, Collect and burn all crop debris after harvest, Practice crop rotation with at least 3 years between tomato plantings.","https://barmac.com.au/wp-content/uploads/sites/3/2016/01/Target-Spot-Tomato1.jpg",34

"Tomato : Yellow Leaf Curl Virus","Tomato yellow leaf curl virus (TYLCV) is a serious viral disease caused by a species of the genus *Begomovirus* in the family *Geminiviridae*. This virus induces severe symptoms on tomato plants, leading to significant yield losses across the world, especially in regions where tomato production is common. TYLCV is transmitted persistently by the sweetpotato whitefly (*Bemisia tabaci*). These whiteflies acquire the virus when feeding on infected plants and transmit it to healthy plants. Symptoms of TYLCV include yellowing and curling of leaves, stunted growth, and reduced fruit yield. In some cases, the virus can cause severe plant wilting and death. Certain tomato cultivars and hybrids have been developed with partial resistance to TYLCV by incorporating one or a few genes that confer some level of immunity. However, these resistant varieties are not completely immune. They may still develop systemic infections but tend to show milder symptoms and can produce more marketable tomatoes than susceptible varieties. Extensive use of these resistant varieties has led to the development of more virulent strains of TYLCV, which can eventually break down the resistance in plants. Thus, TYLCV management requires an integrated approach combining resistant varieties with other cultural and chemical control measures.","The most effective way to control TYLCV is to start with virus- and whitefly-free transplants. This can be ensured by sourcing transplants from reputable suppliers that guarantee their plants are free from the virus and whiteflies. Additionally, transplants should be treated with chemicals to prevent whitefly infestation. Bifenthrin (sold as Capture) or dinotefuran (Venom) can be used to control adult whiteflies, while Oberon is effective against whitefly eggs and nymphs. For plants grown in transplant houses, it is recommended to treat the plants with imidacloprid or thiamethoxam at least seven days before shipment to reduce the chance of whitefly infestation. Imidacloprid should be sprayed on the entire plant, with special attention paid to the undersides of leaves where whitefly eggs and adults are often found. These treatments should be repeated every 14-21 days, rotating with Abamectin on a monthly basis to prevent whitefly resistance to the chemicals. Crop rotation and sanitation practices, such as removing infected plant debris, are also crucial in preventing the spread of TYLCV.","Use only virus- and whitefly-free transplants, Treat transplants with Capture (bifenthrin) or Venom (dinotefuran) for whitefly control, Use Oberon for controlling whitefly eggs and nymphs, Apply imidacloprid or thiamethoxam seven days before shipping transplants, Spray the entire plant, especially the underside of leaves, Apply treatments every 14-21 days and rotate with Abamectin, Remove infected plant debris to reduce virus spread, Practice crop rotation.","https://gd.eppo.int/media/data/taxon/T/TYLCV0/pics/1024x0/10609.jpg",35

"Tomato : Mosaic Virus","Tomato mosaic virus (ToMV) and Tobacco mosaic virus (TMV) are both viruses that can cause significant damage to tomato plants, and while they are similar, they are hard to distinguish from one another. Tomato mosaic virus (ToMV) typically causes yellowing of the leaves, stunting of plant growth, and a reduction in the overall yield. Infected plants may exhibit uneven ripening of fruit, leading to poor harvests. Symptoms can include mottling of light and dark green on the leaves, curling and distortion of leaves, stunted growth, and malformed young leaves. If plants are infected early in their growth stages, they may appear severely yellow and stunted. The virus can spread easily and reduce overall plant vigor, leading to crop loss. Tobacco mosaic virus (TMV), while once thought to be more common on tomato, is actually more of a tobacco pathogen. However, when TMV infects tomato plants, it causes similar symptoms such as leaf distortion, stunting, and discoloration. Both viruses are transmitted through physical contact, and their spread is often linked to poor sanitation practices or contaminated seeds and tools.","Preventing the spread of tomato mosaic virus requires stringent control measures. Start with certified disease-free seeds to avoid introducing the virus. If using your own seeds, treat them by soaking in a 10% solution of trisodium phosphate (Na3PO4) for at least 15 minutes, or heat dry seeds to 158 °F (70°C) and hold them at that temperature for two to four days to kill the virus. Additionally, purchase transplants only from reputable sources and ensure they follow proper sanitation procedures. Prior to purchase, inspect transplants for any symptoms of mosaic virus, such as leaf mottling or stunted growth, and reject any plants showing clear signs of infection. Avoid planting in fields where tomato root debris is present, as the virus can survive in the roots for extended periods. It is also crucial to wash hands with soap and water before and during handling plants to prevent the transmission of the virus between plants. Regularly clean tools, equipment, and hands to avoid cross-contamination between plants in the garden or greenhouse.","Use certified disease-free seed or treat your own seed, Soak seeds in a 10% trisodium phosphate (Na3PO4) solution for 15 minutes, Heat dry seeds to 158°F for 2-4 days, Purchase transplants from reputable sources, Inspect transplants for symptoms, Avoid planting in fields with tomato root debris, Wash hands with soap and water before handling plants, Clean tools and equipment frequently to prevent disease spread.","http://ucanr.edu/blogs/dirt/blogfiles/71403_original.jpg",36

"Tomato : Healthy","Tomatoes (Solanum lycopersicum), a fruit from the nightshade family, are native to South America. They are typically eaten and prepared as a vegetable, despite being botanically classified as a fruit. To ensure healthy tomato plants, it's important to follow some key care practices. Start by fertilizing the plants a week before planting and again on the day of planting. Phosphorous is especially important as it promotes the development of blossoms and the fruit that grows from them. However, avoid using high-nitrogen fertilizers once the tomatoes start to blossom, as nitrogen promotes vine growth rather than fruit production. To help your plants thrive, avoid overcrowding tomato seedlings. Provide them with plenty of light, as tomatoes need full sunlight for optimal growth. If you’re planting in the garden, preheat the soil to promote early growth. Bury the stems of tomato plants when transplanting them to encourage additional root development. Once the soil has warmed, apply mulch around the plants to retain moisture and maintain consistent soil temperature. For better airflow, remove the bottom leaves, and prune your plants to direct energy into producing more tomatoes. Lastly, ensure consistent watering to keep the plants hydrated and healthy. Regular care and attention will yield a bountiful tomato harvest.","Tomatoes are an excellent source of many nutrients and health benefits. Although botanically a fruit, tomatoes are typically consumed as a vegetable. They are the major dietary source of lycopene, a powerful antioxidant that has been linked to a variety of health benefits, including a reduced risk of heart disease and certain cancers. Lycopene is particularly effective in protecting against oxidative stress and inflammation. Additionally, tomatoes are rich in vitamin C, which supports immune health and skin vitality. They also provide significant amounts of potassium, which helps regulate blood pressure, folate, essential for cell function and growth, and vitamin K, which is important for bone health and wound healing. By incorporating tomatoes into your diet, you can enjoy their nutritional benefits while adding flavor and versatility to meals.","Tomatoes are rich in lycopene, a potent antioxidant, and provide essential vitamins and minerals, including vitamin C, potassium, folate, and vitamin K. These nutrients help reduce the risk of heart disease, promote immune health, and support bone and skin health.","https://cdn8.dissolve.com/p/D869_27_632/D869_27_632_1200.jpg",37

